subreddit,count(1),sum(wordcount),ingestfreq,causefreq,insightfreq,cogmechfreq,sadfreq,inhibfreq,certainfreq,tentatfreq,discrepfreq,spacefreq,timefreq,exclfreq,inclfreq,relativfreq,motionfreq,quantfreq,numberfreq,swearfreq,functfreq,absolutistfreq,ppronfreq,pronounfreq,wefreq,ifreq,shehefreq,youfreq,ipronfreq,theyfreq,deathfreq,biofreq,bodyfreq,hearfreq,feelfreq,perceptfreq,seefreq,fillerfreq,healthfreq,sexualfreq,socialfreq,familyfreq,friendfreq,humansfreq,affectfreq,posemofreq,negemofreq,anxfreq,angerfreq,assentfreq,nonflfreq,verbfreq,articlefreq,pastfreq,auxverbfreq,futurefreq,presentfreq,prepsfreq,adverbfreq,negatefreq,conjfreq,homefreq,leisurefreq,achievefreq,workfreq,religfreq,moneyfreq
MGTOW,903,365037,0.003010653714554963,0.018830967819700468,0.0267835863213866,0.1783983541394434,0.004646104367502473,0.006015828532450135,0.01663940915578421,0.02938606223478716,0.018562501883370726,0.058750208882935154,0.04482559302207721,0.029153209126746057,0.04789377515155998,0.12626939186986524,0.01695992461038196,0.03457183792327901,0.006358259573687051,0.005259740793399025,0.5825519056972307,0.011741275541931365,0.10032133728909672,0.155299325821766,0.005952821220862542,0.04797047970479705,0.01734070792823741,0.015499798650547753,0.05497798853266929,0.01354931143966228,0.001588880031339289,0.02616173155050036,0.007328024282469996,0.00496388037377033,0.00450091360601802,0.018757002714793296,0.007925224018387177,8.49228982267551E-5,0.008125203746469536,0.009533280188035733,0.13131545569353242,0.008933341003788658,0.002884639091379778,0.03285694326876454,0.061563622317737654,0.0328761194070738,0.02771499875355101,0.003627029588781411,0.012987724532033739,0.001961445004205053,0.001262885680081745,0.1471111147637089,0.06655215772647705,0.030309256321961884,0.09532732298369755,0.010094867095664276,0.09282346721017322,0.13586567936948857,0.04755408355865296,0.02078145503058594,0.06773285995666192,0.0033202113758331346,0.010681109038261874,0.018294035947040984,0.01959253445541137,0.002432630116947049,0.009609984741272802
subreddit,count(1),sum(wordcount),ingestfreq,causefreq,insightfreq,cogmechfreq,sadfreq,inhibfreq,certainfreq,tentatfreq,discrepfreq,spacefreq,timefreq,exclfreq,inclfreq,relativfreq,motionfreq,quantfreq,numberfreq,swearfreq,functfreq,absolutistfreq,ppronfreq,pronounfreq,wefreq,ifreq,shehefreq,youfreq,ipronfreq,theyfreq,deathfreq,biofreq,bodyfreq,hearfreq,feelfreq,perceptfreq,seefreq,fillerfreq,healthfreq,sexualfreq,socialfreq,familyfreq,friendfreq,humansfreq,affectfreq,posemofreq,negemofreq,anxfreq,angerfreq,assentfreq,nonflfreq,verbfreq,articlefreq,pastfreq,auxverbfreq,futurefreq,presentfreq,prepsfreq,adverbfreq,negatefreq,conjfreq,homefreq,leisurefreq,achievefreq,workfreq,religfreq,moneyfreq
Drugs,41482,13134565,0.0077420150572173494,0.017147275147673335,0.031036733991571096,0.19357017152833003,0.00397150571792823,0.005142538028476771,0.016014386468071077,0.03425556917948939,0.01741633620907887,0.06472829515100044,0.06226685086259042,0.03179983501547253,0.05629604025713832,0.15456423566368585,0.022588490749408146,0.034805492226046314,0.008789328005914166,0.0041501945439380745,0.5990108541851215,0.012539128627404104,0.1100867824705272,0.16705090728166483,0.007888879456609335,0.07990603419298621,0.009809384627507649,0.007145421260620356,0.056964124811137634,0.0053334845881839255,0.0013938794318654633,0.0368944841340387,0.010743408708244239,0.005809176017629819,0.010155342030741026,0.030195366195987457,0.008725374612710814,3.266191152885535E-5,0.016138410369890437,0.003605068001871398,0.07024595028461163,0.004871649727265425,0.004011628858664143,0.005878230455291058,0.05407206100849172,0.03029243831067112,0.023184627736053686,0.005030162780419451,0.007776275803576289,0.002270497728702854,0.001238792453347332,0.15689891519056778,0.06218942157581922,0.05471486874517732,0.09444165071321357,0.008693930861052497,0.08103412636809822,0.13409031817955144,0.05642706857821329,0.017667353277402032,0.07476897788392688,0.004505973361127681,0.009999645972287625,0.01574730491645517,0.012448604122024597,0.002037676923445885,0.0036100167763454673
subreddit,count(1),sum(wordcount),ingestfreq,causefreq,insightfreq,cogmechfreq,sadfreq,inhibfreq,certainfreq,tentatfreq,discrepfreq,spacefreq,timefreq,exclfreq,inclfreq,relativfreq,motionfreq,quantfreq,numberfreq,swearfreq,functfreq,absolutistfreq,ppronfreq,pronounfreq,wefreq,ifreq,shehefreq,youfreq,ipronfreq,theyfreq,deathfreq,biofreq,bodyfreq,hearfreq,feelfreq,perceptfreq,seefreq,fillerfreq,healthfreq,sexualfreq,socialfreq,familyfreq,friendfreq,humansfreq,affectfreq,posemofreq,negemofreq,anxfreq,angerfreq,assentfreq,nonflfreq,verbfreq,articlefreq,pastfreq,auxverbfreq,futurefreq,presentfreq,prepsfreq,adverbfreq,negatefreq,conjfreq,homefreq,leisurefreq,achievefreq,workfreq,religfreq,moneyfreq
HomeImprovement,11895,2344913,0.005587414117282816,0.014843621063979772,0.020263864800101325,0.17331090748356123,0.0025817588968119498,0.005271837377335534,0.011271207076765748,0.03557488060324626,0.021146626761845748,0.0964914263343672,0.04181647677333871,0.029520498201852263,0.05274481398670228,0.16552724983826692,0.02138032413142833,0.033988041347376215,0.007839523257366051,0.0014815048575362924,0.5900359629547024,0.008101793115565482,0.07331828515599513,0.1295173850799582,0.009624237658284124,0.04927901376298396,0.004815104014519941,0.004552834156320512,0.05619909992396306,0.005046669108832609,7.543989904955962E-4,0.01873033242597913,0.0042027145570006225,0.0027651345700245595,0.008942762482019589,0.024848683085470547,0.010501029249272787,6.396825809742195E-6,0.00604585330031434,0.0032598224326446227,0.051411289032898023,0.005850536885590211,0.0012934381787298719,0.00211180542732289,0.03685808386068055,0.021234050047912224,0.015474348088820353,0.0019433556809996789,0.0038743441654338563,0.001361670987367122,0.0011279736177845403,0.14400150453343044,0.09485426538212718,0.02700185465302977,0.09810598516874613,0.011770159489925639,0.09239745781613219,0.14414735216189256,0.048692638063757586,0.014954925833069286,0.06547279152787332,0.025263197397941844,0.007453154978457623,0.016185675118863686,0.012530528851176994,8.375577260222448E-4,0.008992231268281595
subreddit,count(1),sum(wordcount),ingestfreq,causefreq,insightfreq,cogmechfreq,sadfreq,inhibfreq,certainfreq,tentatfreq,discrepfreq,spacefreq,timefreq,exclfreq,inclfreq,relativfreq,motionfreq,quantfreq,numberfreq,swearfreq,functfreq,absolutistfreq,ppronfreq,pronounfreq,wefreq,ifreq,shehefreq,youfreq,ipronfreq,theyfreq,deathfreq,biofreq,bodyfreq,hearfreq,feelfreq,perceptfreq,seefreq,fillerfreq,healthfreq,sexualfreq,socialfreq,familyfreq,friendfreq,humansfreq,affectfreq,posemofreq,negemofreq,anxfreq,angerfreq,assentfreq,nonflfreq,verbfreq,articlefreq,pastfreq,auxverbfreq,futurefreq,presentfreq,prepsfreq,adverbfreq,negatefreq,conjfreq,homefreq,leisurefreq,achievefreq,workfreq,religfreq,moneyfreq
electronic_cigarette,65963,14366422,0.008320930569908081,0.01674425267474393,0.020912165882360965,0.17405816145453615,0.0022297827531447983,0.00539995275093548,0.013631090608364422,0.03348934063053417,0.01806490161572589,0.06122408209921719,0.048407320904258554,0.032539069226840196,0.04969295764804904,0.1346859364147872,0.017672667557725924,0.034731890793685445,0.008213109708179253,0.003056850202506929,0.5726817714250633,0.01050574736005945,0.09200704253292852,0.14997380697852256,0.00535129762998748,0.06575005244868903,0.0038262136529192865,0.009874135675535635,0.05796676444559404,0.007204995092027785,7.27251364327179E-4,0.021542872679084606,0.0058409115366373065,0.003165854379051374,0.006302821955250931,0.029005482367147506,0.00815540570922948,2.860837583637735E-5,0.004639011717740158,0.003735933693163127,0.0615175441734901,0.0048731688377245215,0.001354825857127126,0.0042627872131279455,0.04846773956660886,0.03326492845609018,0.014809115310687657,0.0017319552495395165,0.006069639329820606,0.0038734766387900897,0.0015721381426774183,0.14415335982752003,0.07393685080390928,0.03326847840053703,0.08987916406743447,0.010091865601609086,0.08949096720115837,0.12969784682644014,0.051987265862021875,0.017162867692456757,0.06873291067184299,0.0020780400297304366,0.0062399670565155335,0.018102141229040886,0.014246414312485044,9.137278579175803E-4,0.01206702684913474
subreddit,count(1),sum(wordcount),ingestfreq,causefreq,insightfreq,cogmechfreq,sadfreq,inhibfreq,certainfreq,tentatfreq,discrepfreq,spacefreq,timefreq,exclfreq,inclfreq,relativfreq,motionfreq,quantfreq,numberfreq,swearfreq,functfreq,absolutistfreq,ppronfreq,pronounfreq,wefreq,ifreq,shehefreq,youfreq,ipronfreq,theyfreq,deathfreq,biofreq,bodyfreq,hearfreq,feelfreq,perceptfreq,seefreq,fillerfreq,healthfreq,sexualfreq,socialfreq,familyfreq,friendfreq,humansfreq,affectfreq,posemofreq,negemofreq,anxfreq,angerfreq,assentfreq,nonflfreq,verbfreq,articlefreq,pastfreq,auxverbfreq,futurefreq,presentfreq,prepsfreq,adverbfreq,negatefreq,conjfreq,homefreq,leisurefreq,achievefreq,workfreq,religfreq,moneyfreq
diabetes,6038,1350181,0.017470250284961793,0.018175340935770834,0.0249781325614862,0.17845977687435982,0.005505187822965958,0.005619987246154404,0.013124906956919109,0.035844823768072576,0.01873082201571493,0.06077925848460317,0.06830936000432535,0.032170501584602364,0.04794097976493522,0.15370605866917103,0.01974476014697289,0.03218309248908109,0.007219032114953477,0.0017908710017397668,0.5899001689403125,0.010383792987754974,0.11178353124507011,0.1643053783159443,0.0032817822203097214,0.08526486448853894,0.010337873218479596,0.007898200315365126,0.0525218470708742,0.004999329719496868,7.739703047221076E-4,0.05609173881131493,0.011861372660406272,0.003744683120263135,0.007326425123742668,0.022403662916305297,0.005657759959590603,2.9625657597018473E-5,0.027037115764478984,0.0017953148503793196,0.06447209670407153,0.005537035404882752,0.0012124300371579811,0.004205362095896772,0.04595161685729543,0.023955306732949138,0.021648208647581324,0.004569017042900174,0.0047697308731199746,0.0018523442412535802,0.0015153523860874948,0.16099619236235735,0.06004750474195682,0.04296979442015552,0.10327948623184595,0.009292087505304844,0.09677813567218024,0.13253556375034162,0.0562828243028157,0.017834645873405122,0.07267840385844565,0.0025026274255081356,0.008230007680451732,0.0157541840686545,0.0199254766583147,5.177083665078978E-4,0.005635540716392839
subreddit,count(1),sum(wordcount),ingestfreq,causefreq,insightfreq,cogmechfreq,sadfreq,inhibfreq,certainfreq,tentatfreq,discrepfreq,spacefreq,timefreq,exclfreq,inclfreq,relativfreq,motionfreq,quantfreq,numberfreq,swearfreq,functfreq,absolutistfreq,ppronfreq,pronounfreq,wefreq,ifreq,shehefreq,youfreq,ipronfreq,theyfreq,deathfreq,biofreq,bodyfreq,hearfreq,feelfreq,perceptfreq,seefreq,fillerfreq,healthfreq,sexualfreq,socialfreq,familyfreq,friendfreq,humansfreq,affectfreq,posemofreq,negemofreq,anxfreq,angerfreq,assentfreq,nonflfreq,verbfreq,articlefreq,pastfreq,auxverbfreq,futurefreq,presentfreq,prepsfreq,adverbfreq,negatefreq,conjfreq,homefreq,leisurefreq,achievefreq,workfreq,religfreq,moneyfreq
relationships,258814,133140136,0.0028675049573330764,0.017306914873513424,0.027780706187651785,0.20360544021075658,0.005585528318823409,0.0049081217702827045,0.01511982081796882,0.02886096646318583,0.021582447534829016,0.05958191300029917,0.06860685496070096,0.034681194857724945,0.06656895708744055,0.15323072074975197,0.019809586194203678,0.031020533132097745,0.0069386965325016646,0.0022215089219977963,0.643997209076007,0.012123353997475262,0.16069859655243254,0.21796085592101244,0.015365704598649351,0.08259253993852012,0.05503579326372327,0.0035828639982762225,0.057262259368579885,0.0041211239261465075,6.844367351404838E-4,0.018678867805873356,0.005010990825486313,0.006796605645648431,0.008103469264895448,0.021249332357599515,0.005638893143386905,6.552494433384085E-5,0.005162342631225793,0.006473329725305373,0.1492374170325318,0.0085074496243567,0.008341864695105915,0.008479065997048403,0.06081093382689649,0.033045962939379905,0.027102713790227766,0.005880833710429739,0.008759755210104338,0.0017816866282906606,0.001170195590006007,0.17296583653782657,0.0464751064998161,0.05530511851061952,0.1028002104489363,0.009257726760922041,0.09550414609761251,0.1349602872570297,0.060867415667954554,0.02359812070493904,0.07889421864493214,0.005207392908176089,0.008056526245399058,0.013813347764644013,0.012357483246073896,9.867497806972346E-4,0.004488601393647367
subreddit,count(1),sum(wordcount),ingestfreq,causefreq,insightfreq,cogmechfreq,sadfreq,inhibfreq,certainfreq,tentatfreq,discrepfreq,spacefreq,timefreq,exclfreq,inclfreq,relativfreq,motionfreq,quantfreq,numberfreq,swearfreq,functfreq,absolutistfreq,ppronfreq,pronounfreq,wefreq,ifreq,shehefreq,youfreq,ipronfreq,theyfreq,deathfreq,biofreq,bodyfreq,hearfreq,feelfreq,perceptfreq,seefreq,fillerfreq,healthfreq,sexualfreq,socialfreq,familyfreq,friendfreq,humansfreq,affectfreq,posemofreq,negemofreq,anxfreq,angerfreq,assentfreq,nonflfreq,verbfreq,articlefreq,pastfreq,auxverbfreq,futurefreq,presentfreq,prepsfreq,adverbfreq,negatefreq,conjfreq,homefreq,leisurefreq,achievefreq,workfreq,religfreq,moneyfreq
raisedbynarcissists,51248,25187486,0.0036607861538861006,0.019700219386722437,0.024303060654802946,0.183182712240515,0.005350752353768058,0.0059288568934589185,0.016087989091090712,0.026005413958344235,0.019393122441834807,0.05530714736675189,0.058657263372771704,0.030307351833366775,0.05396330542873552,0.14043835101287996,0.021405431252646653,0.027329722386743957,0.00650497632038386,0.0033974013921039994,0.6277830586188713,0.013993298100493236,0.1582122963760655,0.21282219273491607,0.0067860682880379565,0.09240060719041193,0.040967963217924966,0.009927945964912893,0.05460989635885058,0.0081279251132884,0.001471722902396849,0.02121553536545886,0.006395795118258329,0.007749125895295783,0.006093422741753583,0.019863236847059686,0.005169789474026904,1.074343028915232E-4,0.008282485993242834,0.003783902847628382,0.1383350049306231,0.020547028790408064,0.00292629443049616,0.007910515563164978,0.05826151129175814,0.02577514087749766,0.031873645507931994,0.005828846912311931,0.012356969647546404,0.0018344427069855245,0.0011525961741477495,0.16542290088022282,0.04908528782904336,0.05458611470791488,0.10054437350357237,0.00927734510701068,0.08854035690580632,0.13177190450845314,0.05742264233913619,0.023411903831926695,0.07656972990476302,0.008210863124648487,0.008583071768258253,0.013228712067571967,0.014406320662570294,0.0017724277841782224,0.0066436960004662635
reddit.com,77527,20530436,0.004160116229387433,0.017790172600328606,0.022874916051466222,0.16840480153465812,0.0035344110568328894,0.0059348471703182535,0.014263603559125582,0.028180453644530493,0.016778503875904047,0.0646930732498813,0.046254984550742125,0.026964697681042916,0.048806123747201474,0.13701686608116848,0.02004745539744017,0.03134619255041637,0.007521954234191617,0.0034621768383292007,0.5558341771212263,0.010670596571840949,0.09234143882769952,0.14309194407756368,0.009523080756784708,0.043974662788457096,0.01383842992910623,0.01651504137564346,0.05075050524986415,0.008485499285061458,0.00188929256056715,0.022959229896530205,0.00833114308921642,0.005302079312879668,0.005389023399210811,0.022104645025561073,0.009909239141341177,4.826979806955878E-5,0.007133847522770583,0.004870719745065326,0.10284126454986148,0.007924527272582034,0.00257719806827288,0.009941971032665843,0.05328898032170384,0.03193229797944866,0.02078231558258188,0.0027354509178470444,0.008651107068549348,0.0024611752034881286,0.0014034285487166467,0.1366971456426936,0.07128932868254723,0.031351696573808756,0.08658364586119846,0.010171045563766887,0.08337514118063542,0.1332076922282605,0.044092780104621254,0.01600813543365567,0.06319778108950048,0.005356876005945514,0.013858400279468006,0.018617432187022234,0.02642647238470727,0.003114497909347858,0.013819287617661895
subreddit,count(1),sum(wordcount),ingestfreq,causefreq,insightfreq,cogmechfreq,sadfreq,inhibfreq,certainfreq,tentatfreq,discrepfreq,spacefreq,timefreq,exclfreq,inclfreq,relativfreq,motionfreq,quantfreq,numberfreq,swearfreq,functfreq,absolutistfreq,ppronfreq,pronounfreq,wefreq,ifreq,shehefreq,youfreq,ipronfreq,theyfreq,deathfreq,biofreq,bodyfreq,hearfreq,feelfreq,perceptfreq,seefreq,fillerfreq,healthfreq,sexualfreq,socialfreq,familyfreq,friendfreq,humansfreq,affectfreq,posemofreq,negemofreq,anxfreq,angerfreq,assentfreq,nonflfreq,verbfreq,articlefreq,pastfreq,auxverbfreq,futurefreq,presentfreq,prepsfreq,adverbfreq,negatefreq,conjfreq,homefreq,leisurefreq,achievefreq,workfreq,religfreq,moneyfreq
TwoXChromosomes,73501,24468539,0.0036890637401767222,0.018220581130732817,0.028115246276044517,0.1950875366935476,0.005077499723216004,0.005421369866014477,0.015194041622182674,0.03200996185346416,0.020420467278410043,0.057761969359919695,0.06047839636032212,0.03561675668498229,0.05500299793134359,0.14187553249501328,0.01866645981601108,0.0307332203201834,0.007546588703150605,0.0027365753222944778,0.625676056915372,0.012296402331173104,0.14005821925044237,0.19884901995987583,0.007862668057132467,0.08849964438007517,0.02997890474784784,0.007632372329218349,0.05879080070943345,0.006082259345357726,8.609422900157627E-4,0.029184333400535275,0.009238761660432608,0.006008123329308709,0.009190127780003539,0.023426122826540646,0.006697539235996068,7.14386747815225E-5,0.01065588754604433,0.008355423264135223,0.11669948908678202,0.008421794206838423,0.005504456150814726,0.012778899467597964,0.059908848664809944,0.031169413098182937,0.028096283149557887,0.006105391090166846,0.009035684558035934,0.0021560339176768992,0.0011482500038110164,0.1713342590663055,0.05346870117582419,0.04921213318048944,0.10531523766089998,0.009027265583776783,0.09980599985965652,0.1299797670796773,0.05978611963713894,0.023145108909036212,0.07703193885012914,0.004784429507622012,0.008092800309818253,0.01436350572463685,0.015380403382482297,0.0011963525897480025,0.004741026834499599
subreddit,count(1),sum(wordcount),ingestfreq,causefreq,insightfreq,cogmechfreq,sadfreq,inhibfreq,certainfreq,tentatfreq,discrepfreq,spacefreq,timefreq,exclfreq,inclfreq,relativfreq,motionfreq,quantfreq,numberfreq,swearfreq,functfreq,absolutistfreq,ppronfreq,pronounfreq,wefreq,ifreq,shehefreq,youfreq,ipronfreq,theyfreq,deathfreq,biofreq,bodyfreq,hearfreq,feelfreq,perceptfreq,seefreq,fillerfreq,healthfreq,sexualfreq,socialfreq,familyfreq,friendfreq,humansfreq,affectfreq,posemofreq,negemofreq,anxfreq,angerfreq,assentfreq,nonflfreq,verbfreq,articlefreq,pastfreq,auxverbfreq,futurefreq,presentfreq,prepsfreq,adverbfreq,negatefreq,conjfreq,homefreq,leisurefreq,achievefreq,workfreq,religfreq,moneyfreq
cancer,4338,1159008,0.0034615809381816176,0.014416639056848615,0.026483855158894502,0.18001083685358513,0.005351127861067396,0.00430713161600265,0.013741061321405892,0.03336387669455258,0.018887703967530853,0.056273986029432066,0.06428255887793699,0.03141134487423728,0.0519892873905961,0.14577293685634612,0.019706507634114693,0.031416521715121895,0.007322641431292968,0.0016945525828984786,0.6087360915541566,0.011296729617051823,0.12237361605787019,0.1788244774841934,0.007041366409895358,0.06873636765233718,0.03273316491344322,0.007295031613241669,0.056450861426323204,0.00656768546895276,0.002188940887379552,0.05276236229603247,0.013885150059361109,0.004907645158618404,0.007611681714017504,0.02114135536596814,0.007487437532786659,1.8118943096164997E-5,0.03268743615229576,0.004421884922278362,0.10925722686987492,0.01349516137938651,0.0019904953201358403,0.005186331759573704,0.05371231259835998,0.029732322813992657,0.023495955161655483,0.005333871724785334,0.005231197713907065,0.001278679698500787,0.001433984925039344,0.16911358679146304,0.05741375383086225,0.04748543582097794,0.10825205693144482,0.009819604351307324,0.09869560865843895,0.13303963389381265,0.05379686766614208,0.019961035644275104,0.07089942433529363,0.004706611170932383,0.00727863828377371,0.014941225599823298,0.015408866893067174,0.0013106035506226014,0.004634998205361827
CasualConversation,14383,3124731,0.004222763495481691,0.016224436599502484,0.026417954057485267,0.1875633454527766,0.004497347131641092,0.004414139969168546,0.014441563129754208,0.03303068328121685,0.0178405757167577,0.06220535463692715,0.06132815912793773,0.035331361323582736,0.05313801412025547,0.14932005347020272,0.02074354560440563,0.03190354625726183,0.008031411343888482,0.003453097242610644,0.6130902148056905,0.01220297043169476,0.1269210053601414,0.18634980099086929,0.0077625882035925655,0.08428181497863337,0.017846976267717127,0.010476101782841467,0.05942879563072789,0.006550963906973112,0.0013143531395182497,0.021144540122013705,0.007249904071742495,0.006582326606674302,0.007694422335874672,0.023765885767446863,0.008016690076681801,5.7284931086867954E-5,0.0060638819789607485,0.004506627930532261,0.10104165766589188,0.006999642529228916,0.004408059445757091,0.010284725309154611,0.05865912937785685,0.035317920166567936,0.022752038495473692,0.004226923853605318,0.007463362446239372,0.002840884543341491,0.0013930799163191967,0.1634156668205999,0.06013765664948439,0.04556264203222613,0.09979195009106384,0.009004935144817266,0.09616219764197302,0.1311863325195033,0.06187764642780451,0.020197898635114512,0.07499141526102567,0.0054007848995641546,0.014762870787917423,0.015555899051790377,0.021344877367043755,0.001979050356654701,0.006424873053072409
subreddit,count(1),sum(wordcount),ingestfreq,causefreq,insightfreq,cogmechfreq,sadfreq,inhibfreq,certainfreq,tentatfreq,discrepfreq,spacefreq,timefreq,exclfreq,inclfreq,relativfreq,motionfreq,quantfreq,numberfreq,swearfreq,functfreq,absolutistfreq,ppronfreq,pronounfreq,wefreq,ifreq,shehefreq,youfreq,ipronfreq,theyfreq,deathfreq,biofreq,bodyfreq,hearfreq,feelfreq,perceptfreq,seefreq,fillerfreq,healthfreq,sexualfreq,socialfreq,familyfreq,friendfreq,humansfreq,affectfreq,posemofreq,negemofreq,anxfreq,angerfreq,assentfreq,nonflfreq,verbfreq,articlefreq,pastfreq,auxverbfreq,futurefreq,presentfreq,prepsfreq,adverbfreq,negatefreq,conjfreq,homefreq,leisurefreq,achievefreq,workfreq,religfreq,moneyfreq
r4r,85237,18331296,0.005661847367474727,0.010537661930722192,0.020652004091800166,0.19280878995134879,0.0026750972762645915,0.0033441716286726265,0.012154132473775996,0.0479178886206409,0.023879053614103442,0.06159864528945471,0.04464981635777416,0.04234937889825138,0.0573449907742475,0.12815684172030173,0.017623958502443034,0.03397228433821591,0.005302080114793848,0.0027527240845382672,0.5876876899483812,0.009789542430606106,0.1199471657650392,0.17085649590732702,0.006978066362574692,0.08749839618540882,0.0027203750351311768,0.020151603029049336,0.05090933014228781,0.002596324886140074,0.0010269868535208858,0.02755795334928856,0.00777168182762419,0.007140084367193678,0.006568275369073741,0.030139112913784166,0.014988520178824237,5.466061974014276E-5,0.006023851232340583,0.009909992179494564,0.10565739596371146,0.004684993357807326,0.005086056108635199,0.01284573660258391,0.07454126538570977,0.056216701754202215,0.017230314757887277,0.0029901868367626597,0.0057263272602220815,0.004096273389508303,0.0021658043162905666,0.1513025047437999,0.056902796179822746,0.013646934728455642,0.09992632272153588,0.010531988572984692,0.11202208507243569,0.13433583746615624,0.05683384306270544,0.01826717543593208,0.07956496911074919,0.002846716347823962,0.03150513744363737,0.01437017873695346,0.017365111555669603,0.003113255058453041,0.004585545942850959
subreddit,count(1),sum(wordcount),ingestfreq,causefreq,insightfreq,cogmechfreq,sadfreq,inhibfreq,certainfreq,tentatfreq,discrepfreq,spacefreq,timefreq,exclfreq,inclfreq,relativfreq,motionfreq,quantfreq,numberfreq,swearfreq,functfreq,absolutistfreq,ppronfreq,pronounfreq,wefreq,ifreq,shehefreq,youfreq,ipronfreq,theyfreq,deathfreq,biofreq,bodyfreq,hearfreq,feelfreq,perceptfreq,seefreq,fillerfreq,healthfreq,sexualfreq,socialfreq,familyfreq,friendfreq,humansfreq,affectfreq,posemofreq,negemofreq,anxfreq,angerfreq,assentfreq,nonflfreq,verbfreq,articlefreq,pastfreq,auxverbfreq,futurefreq,presentfreq,prepsfreq,adverbfreq,negatefreq,conjfreq,homefreq,leisurefreq,achievefreq,workfreq,religfreq,moneyfreq
Advice,54369,17155287,0.003037897296617655,0.016951800340035114,0.02625155731874378,0.19222622157239339,0.0049779406197051675,0.0049035029259493,0.014401799282052232,0.03119085096040655,0.02147810176536248,0.06141337070023952,0.06125044716535492,0.034904633189756604,0.05632117958737735,0.14843843766647566,0.020623962746877975,0.030861448135493158,0.007041910753227271,0.0027846226064303092,0.6286551778469226,0.01181151909612471,0.14102806907281704,0.19611767497681618,0.007985235105655767,0.0918383936100865,0.03011048430725758,0.0043065440992039366,0.05508960590399916,0.0067864792935262465,0.0010395046145249567,0.018608024453336165,0.005503434597159465,0.005745867148710482,0.0065937107318577645,0.01883203702741901,0.005580845135380131,6.0914165994424925E-5,0.0069501023212261035,0.004008968197384282,0.1114473922820411,0.009657955591183057,0.0056662415499082,0.008556662444644616,0.05507223516575386,0.029519296296238007,0.024965831233251884,0.005014430828233885,0.007938602251305967,0.0016747606729050934,0.0012586790299690118,0.1689283892481659,0.055178616364739336,0.04303862710078823,0.10520004707586647,0.01046616124813301,0.10224229999766253,0.13517966793560493,0.05819220628602716,0.0229442969971881,0.07636036634070885,0.006977265958884861,0.00931806037404096,0.01672586416071034,0.028392763117282737,0.001193101578539607,0.009488620038825349
subreddit,count(1),sum(wordcount),ingestfreq,causefreq,insightfreq,cogmechfreq,sadfreq,inhibfreq,certainfreq,tentatfreq,discrepfreq,spacefreq,timefreq,exclfreq,inclfreq,relativfreq,motionfreq,quantfreq,numberfreq,swearfreq,functfreq,absolutistfreq,ppronfreq,pronounfreq,wefreq,ifreq,shehefreq,youfreq,ipronfreq,theyfreq,deathfreq,biofreq,bodyfreq,hearfreq,feelfreq,perceptfreq,seefreq,fillerfreq,healthfreq,sexualfreq,socialfreq,familyfreq,friendfreq,humansfreq,affectfreq,posemofreq,negemofreq,anxfreq,angerfreq,assentfreq,nonflfreq,verbfreq,articlefreq,pastfreq,auxverbfreq,futurefreq,presentfreq,prepsfreq,adverbfreq,negatefreq,conjfreq,homefreq,leisurefreq,achievefreq,workfreq,religfreq,moneyfreq
askgaybros,15936,4851886,0.002898666621598282,0.016155985528101855,0.030479075559483468,0.21081163077615592,0.004252367017691677,0.004743928443495993,0.01531486931061447,0.035665924549752405,0.02148607778500979,0.062206943856471485,0.06240707221892683,0.04027279288919814,0.06288667953039292,0.14800615678109502,0.01883020334772911,0.03255723650555681,0.007332406408559476,0.003674447421064716,0.6376738859899017,0.012159807547003371,0.1462155128953978,0.20617735041590013,0.010810641470141715,0.09056354580466235,0.03411518737249804,0.0058397909596392,0.05996183752050234,0.004883874023420995,6.414000658712921E-4,0.02802703938221137,0.007900226839624838,0.005809287357534781,0.009344819725772616,0.022848640714147033,0.00645563395347706,9.027417379550962E-5,0.005186848990268939,0.014151816427673693,0.12504951682706478,0.006521381582337261,0.006795089579598531,0.013890268650170264,0.0596285650569696,0.035491765470169745,0.02349478120466969,0.005603800254169204,0.0071753540788056435,0.0023139455461237135,0.0012681666469492481,0.17375799843607206,0.050043014201075625,0.04873259594310336,0.1058555374136985,0.009381094279626521,0.10187048912525974,0.13271581401541585,0.06469690343095448,0.023143165358790376,0.08015316105943132,0.004129115976756255,0.008893861067634318,0.013122319856649559,0.011523560116622691,0.001208189969838533,0.0029726584672434596
subreddit,count(1),sum(wordcount),ingestfreq,causefreq,insightfreq,cogmechfreq,sadfreq,inhibfreq,certainfreq,tentatfreq,discrepfreq,spacefreq,timefreq,exclfreq,inclfreq,relativfreq,motionfreq,quantfreq,numberfreq,swearfreq,functfreq,absolutistfreq,ppronfreq,pronounfreq,wefreq,ifreq,shehefreq,youfreq,ipronfreq,theyfreq,deathfreq,biofreq,bodyfreq,hearfreq,feelfreq,perceptfreq,seefreq,fillerfreq,healthfreq,sexualfreq,socialfreq,familyfreq,friendfreq,humansfreq,affectfreq,posemofreq,negemofreq,anxfreq,angerfreq,assentfreq,nonflfreq,verbfreq,articlefreq,pastfreq,auxverbfreq,futurefreq,presentfreq,prepsfreq,adverbfreq,negatefreq,conjfreq,homefreq,leisurefreq,achievefreq,workfreq,religfreq,moneyfreq
trees,150541,35282973,0.012397538041933144,0.016318012657266723,0.02502467691710673,0.1849567495346835,0.003357511851396423,0.005187714765419569,0.014855664232149597,0.030156699096756955,0.017173637833750574,0.06688863775736813,0.05937773441030607,0.030220185810305725,0.05975338302699152,0.15409662332026272,0.022144647504619298,0.03131365942433479,0.008353576100290642,0.004641870740314315,0.5999281296391888,0.012118168160035721,0.11951495697372214,0.17398522511127393,0.012318406388259855,0.07594447894172637,0.014168108792872981,0.010885052118482192,0.054470268137551785,0.006196586665188333,0.0011846507379069217,0.033000563756347856,0.009082794695333638,0.006134375354367105,0.007061621479573164,0.025260853159964722,0.008574815960094974,6.289152560925067E-5,0.008665312869184805,0.004154071710453651,0.09410748918465572,0.007960950456187464,0.005324012803569586,0.0075158065619923805,0.054428463270371236,0.03250397861880857,0.021476619898215494,0.0035798570602312905,0.008803113048325038,0.003125275185852394,0.0012093935508212417,0.15247603993008185,0.06474343871192487,0.0470035787517112,0.09091903905036573,0.008949812704275232,0.08484891565118392,0.1333839413135622,0.05623443353257108,0.017176585431165337,0.07579860121197837,0.006678717238482143,0.010624983331194908,0.014300580622840372,0.015176640585247734,0.0020331620013993718,0.005885700164779198
subreddit,count(1),sum(wordcount),ingestfreq,causefreq,insightfreq,cogmechfreq,sadfreq,inhibfreq,certainfreq,tentatfreq,discrepfreq,spacefreq,timefreq,exclfreq,inclfreq,relativfreq,motionfreq,quantfreq,numberfreq,swearfreq,functfreq,absolutistfreq,ppronfreq,pronounfreq,wefreq,ifreq,shehefreq,youfreq,ipronfreq,theyfreq,deathfreq,biofreq,bodyfreq,hearfreq,feelfreq,perceptfreq,seefreq,fillerfreq,healthfreq,sexualfreq,socialfreq,familyfreq,friendfreq,humansfreq,affectfreq,posemofreq,negemofreq,anxfreq,angerfreq,assentfreq,nonflfreq,verbfreq,articlefreq,pastfreq,auxverbfreq,futurefreq,presentfreq,prepsfreq,adverbfreq,negatefreq,conjfreq,homefreq,leisurefreq,achievefreq,workfreq,religfreq,moneyfreq
depression,129882,46103428,0.003094281839519612,0.018628896749282937,0.032644513982778026,0.2010596912663414,0.012816921119184456,0.004838946032386138,0.017833315995504716,0.032193983492941135,0.02037846296375185,0.05677107133985785,0.06412553530726608,0.03761627009601108,0.05106123562004977,0.1440027626579091,0.018241723804138816,0.032072170425157975,0.006786306649475176,0.004223764011647898,0.634367991030949,0.016073164884832424,0.14433445165942976,0.2047351229500765,0.003891966558321867,0.11316082613206116,0.01548075774322031,0.0057714363452539795,0.06040067129064676,0.006025885970995476,0.0030773199771609175,0.026328931549298242,0.006944060645555467,0.004630523352840487,0.011281026651640741,0.022418029305760083,0.005608454972155216,5.086389671501217E-5,0.012477900775621284,0.004618550273528467,0.08624538721936252,0.007739771541500125,0.004907292360125585,0.008959507306051082,0.07098656525063603,0.030931474336355205,0.039258881140031496,0.006705011176175446,0.011016165652584446,0.0015987965146539646,0.00117368712799404,0.17904226123922934,0.04842295024135732,0.04447708313577029,0.10863894979783283,0.008752364357808708,0.11224902842365649,0.13161600477951443,0.06302824163096939,0.027879401939482677,0.07525347139045713,0.004834174152950188,0.008334976739690593,0.01721548775071563,0.019214471427157216,0.001454447161716478,0.004367636176641789
subreddit,count(1),sum(wordcount),ingestfreq,causefreq,insightfreq,cogmechfreq,sadfreq,inhibfreq,certainfreq,tentatfreq,discrepfreq,spacefreq,timefreq,exclfreq,inclfreq,relativfreq,motionfreq,quantfreq,numberfreq,swearfreq,functfreq,absolutistfreq,ppronfreq,pronounfreq,wefreq,ifreq,shehefreq,youfreq,ipronfreq,theyfreq,deathfreq,biofreq,bodyfreq,hearfreq,feelfreq,perceptfreq,seefreq,fillerfreq,healthfreq,sexualfreq,socialfreq,familyfreq,friendfreq,humansfreq,affectfreq,posemofreq,negemofreq,anxfreq,angerfreq,assentfreq,nonflfreq,verbfreq,articlefreq,pastfreq,auxverbfreq,futurefreq,presentfreq,prepsfreq,adverbfreq,negatefreq,conjfreq,homefreq,leisurefreq,achievefreq,workfreq,religfreq,moneyfreq
relationship_advice,137996,56568255,0.0027305597459211,0.01677785535367849,0.028146280983919338,0.20676029338363008,0.005394262205896222,0.004770237300054598,0.01523057410910059,0.030166972624487004,0.021924717317159597,0.059571043865503714,0.0700716329326404,0.03610079540194407,0.06741503693193293,0.15440151017562764,0.01963389183562406,0.03177994442289231,0.007044693176411399,0.0022609147126776315,0.6481506456227084,0.012170978227983168,0.161728782335605,0.21992880989523186,0.015747701604018012,0.08293775369241989,0.055482991299625556,0.004045997176331495,0.05820002755962686,0.0035135784195570465,6.069481902879981E-4,0.018621327456539008,0.00502992358523345,0.006765720455757385,0.008114922406568843,0.021482083900236978,0.005889310179357662,7.748161932872067E-5,0.004688247852085945,0.006974936737928366,0.1493066031469417,0.006689105046637907,0.008061623962061407,0.009305272011660957,0.06100274791930563,0.03427708703406177,0.02606148978786777,0.005584139019313925,0.008300591913255943,0.0018834591945606242,0.0012118104049700666,0.17433829274033644,0.04661945113915923,0.0539988903670442,0.10339065611976186,0.009351676130013203,0.09810030378345594,0.1343073071637087,0.062173581278050734,0.0235136473628186,0.07945210613267105,0.004400807484692607,0.007976293417571393,0.013589512351052723,0.011669195028200888,9.568617593029872E-4,0.003867062895965237
subreddit,count(1),sum(wordcount),ingestfreq,causefreq,insightfreq,cogmechfreq,sadfreq,inhibfreq,certainfreq,tentatfreq,discrepfreq,spacefreq,timefreq,exclfreq,inclfreq,relativfreq,motionfreq,quantfreq,numberfreq,swearfreq,functfreq,absolutistfreq,ppronfreq,pronounfreq,wefreq,ifreq,shehefreq,youfreq,ipronfreq,theyfreq,deathfreq,biofreq,bodyfreq,hearfreq,feelfreq,perceptfreq,seefreq,fillerfreq,healthfreq,sexualfreq,socialfreq,familyfreq,friendfreq,humansfreq,affectfreq,posemofreq,negemofreq,anxfreq,angerfreq,assentfreq,nonflfreq,verbfreq,articlefreq,pastfreq,auxverbfreq,futurefreq,presentfreq,prepsfreq,adverbfreq,negatefreq,conjfreq,homefreq,leisurefreq,achievefreq,workfreq,religfreq,moneyfreq
asktransgender,29972,8477557,0.0016412747210074788,0.018639214103780135,0.03634171967230654,0.2085835577395705,0.004244147223073817,0.004617721827172616,0.01567267551253268,0.040254403479681705,0.0237673424077243,0.05484292231830467,0.054515233574955614,0.0401882287550529,0.04827168959170667,0.1319385997640594,0.017827423631595753,0.033028265100429284,0.006100578268008107,0.002300308921544261,0.6207753011864149,0.012174026078503512,0.127300117238964,0.1892387158234383,0.0031323882576077045,0.0976701188797669,0.01130526164554246,0.008409026326806178,0.06193859858447428,0.006777660120716381,0.001030839426971709,0.02777002855893508,0.011163711432432716,0.005764868345916164,0.010313230568665005,0.024094205441496885,0.006709716018423704,3.810059902870603E-5,0.010700606318542005,0.0064439554933101596,0.09126249460782157,0.007592517514184806,0.00272613914598274,0.016763791738586952,0.05253187917226625,0.02886149866052213,0.022973717546222336,0.006320688849393758,0.006026028489103641,0.0018789611205209237,0.0012472932945186922,0.17502966951446036,0.05302872042028146,0.03725507242239716,0.11128394654261835,0.011092818367366919,0.10929988438886344,0.13152043684283102,0.06271889413424174,0.022406337108674113,0.0793832468481191,0.0027641217865005214,0.006716911487590116,0.01357277810104963,0.013152491926624616,0.0011477363112981722,0.0037097951685845345
dogs,28343,7323701,0.0075710354641731,0.01327388979970646,0.02012711878871079,0.18194789765447825,0.00362316812223765,0.0066929275239390575,0.012842550508274436,0.034325814229718005,0.019230850631395246,0.06490802942392104,0.06324398005871622,0.033151134924814654,0.059168991197210266,0.15705324398142415,0.02460859611827408,0.031141222177147865,0.008005651787258929,0.0011819160831388392,0.626448567466094,0.010269124859138843,0.12876740871862463,0.1747508534277956,0.013312258378653088,0.051719069361242355,0.04974465778982512,0.005953547257049407,0.04598344470917095,0.008037875931854673,9.308135326660659E-4,0.027912799826208087,0.010071137530054819,0.004074033060606925,0.005770579656378653,0.019486459100392,0.007220119991244864,1.3927384528669317E-5,0.00806573070091201,0.0030204673839087644,0.11930880302186012,0.007315426995176346,0.0031923750027479277,0.005883773791420486,0.04983682430508837,0.029131719058437804,0.020273492869247393,0.004708684857560406,0.005694661756398848,0.001739830722199063,0.0014761662170533723,0.1763213708478814,0.06628124222985073,0.03810491444148252,0.11935768541069604,0.010957164963452221,0.11354218311206316,0.13119691806096398,0.055880489932617405,0.019174458378352695,0.07649097089026437,0.012067805608120812,0.010942554863995677,0.013293142360672562,0.010301349003734587,5.476739151420845E-4,0.004532407863182836
subreddit,count(1),sum(wordcount),ingestfreq,causefreq,insightfreq,cogmechfreq,sadfreq,inhibfreq,certainfreq,tentatfreq,discrepfreq,spacefreq,timefreq,exclfreq,inclfreq,relativfreq,motionfreq,quantfreq,numberfreq,swearfreq,functfreq,absolutistfreq,ppronfreq,pronounfreq,wefreq,ifreq,shehefreq,youfreq,ipronfreq,theyfreq,deathfreq,biofreq,bodyfreq,hearfreq,feelfreq,perceptfreq,seefreq,fillerfreq,healthfreq,sexualfreq,socialfreq,familyfreq,friendfreq,humansfreq,affectfreq,posemofreq,negemofreq,anxfreq,angerfreq,assentfreq,nonflfreq,verbfreq,articlefreq,pastfreq,auxverbfreq,futurefreq,presentfreq,prepsfreq,adverbfreq,negatefreq,conjfreq,homefreq,leisurefreq,achievefreq,workfreq,religfreq,moneyfreq
teenagers,36038,9102581,0.002898518563031738,0.01663517193639914,0.025519575162253432,0.19483792563889296,0.004571340809820863,0.00441149603612426,0.0150825353819977,0.03273895612683919,0.019971148842289895,0.05826369465978935,0.060971937519699086,0.03724998437256422,0.05809209497833637,0.14434828978725925,0.020169663966736466,0.031011863558258915,0.007837227704977303,0.00592183689439292,0.6243572015453639,0.01283339307829285,0.14335846063880123,0.20195997157289783,0.010322017458564774,0.0835356477465018,0.03111150562681068,0.012043067784840366,0.0586015109340966,0.006344683996769708,0.001125504952935876,0.020546480168646672,0.007605974613134451,0.007507980428847598,0.006653387649063491,0.021909060737828095,0.0067970831569639425,1.0063079911071376E-4,0.004742610914420866,0.006424441595191518,0.12874535255440187,0.0067800550195598365,0.007317265289921617,0.012343861592662564,0.06322415587403177,0.036408684525850415,0.0262682639132791,0.00426758081032182,0.010521191736717311,0.002960479011392483,0.001406084713775137,0.1693974489213554,0.052824358278163085,0.04599398785904789,0.10125534724711596,0.00991509990408215,0.10119833045154995,0.12833667725670334,0.06224992669661495,0.02309136276842799,0.07868812153388144,0.0038531928471715877,0.011490916697143371,0.013424873670445777,0.019986968531233065,0.0017675206625461504,0.003665114323069468
subreddit,count(1),sum(wordcount),ingestfreq,causefreq,insightfreq,cogmechfreq,sadfreq,inhibfreq,certainfreq,tentatfreq,discrepfreq,spacefreq,timefreq,exclfreq,inclfreq,relativfreq,motionfreq,quantfreq,numberfreq,swearfreq,functfreq,absolutistfreq,ppronfreq,pronounfreq,wefreq,ifreq,shehefreq,youfreq,ipronfreq,theyfreq,deathfreq,biofreq,bodyfreq,hearfreq,feelfreq,perceptfreq,seefreq,fillerfreq,healthfreq,sexualfreq,socialfreq,familyfreq,friendfreq,humansfreq,affectfreq,posemofreq,negemofreq,anxfreq,angerfreq,assentfreq,nonflfreq,verbfreq,articlefreq,pastfreq,auxverbfreq,futurefreq,presentfreq,prepsfreq,adverbfreq,negatefreq,conjfreq,homefreq,leisurefreq,achievefreq,workfreq,religfreq,moneyfreq
keto,53620,11687089,0.03741316593036983,0.016437797299224812,0.02233019702339907,0.16841815784923003,0.007402185437280404,0.004875037744642828,0.01314912550079836,0.03238975933185757,0.0159735242882124,0.06001742606734663,0.06694387284977465,0.03075214024638642,0.04783594956793775,0.1523276668809487,0.02054061537479521,0.03592562698889347,0.007617294606039194,0.0017600618939412544,0.561130748640658,0.010897067695813731,0.10177589988405154,0.14972565024532627,0.0024215610919023547,0.08406524498957782,0.0038252468172356694,0.007934653359788739,0.04794975036127474,0.0035272256419027867,5.402542925787594E-4,0.05803686444075167,0.01206228514217698,0.00267089606316851,0.011301188858919444,0.027998503305656352,0.007439234868494627,4.2867817640474886E-5,0.014325637461989038,0.0022312656299614043,0.04963733911840665,0.006157050742062459,0.0017544146365275392,0.004977458458646118,0.04918076691295839,0.02788393243176295,0.02097536863114502,0.00318094608503452,0.005300122211784303,0.0023067335244901445,0.0013183779125837067,0.14655925012635737,0.05585907662720802,0.03870450545897272,0.0943854367841299,0.008402947902595761,0.0876263541759629,0.13043230867840572,0.05446112372379469,0.01678613040424352,0.071978146140583,0.002602016635622438,0.011219817013458184,0.021284085369761452,0.012693922327450403,7.774391039548001E-4,0.003908073259303493
subreddit,count(1),sum(wordcount),ingestfreq,causefreq,insightfreq,cogmechfreq,sadfreq,inhibfreq,certainfreq,tentatfreq,discrepfreq,spacefreq,timefreq,exclfreq,inclfreq,relativfreq,motionfreq,quantfreq,numberfreq,swearfreq,functfreq,absolutistfreq,ppronfreq,pronounfreq,wefreq,ifreq,shehefreq,youfreq,ipronfreq,theyfreq,deathfreq,biofreq,bodyfreq,hearfreq,feelfreq,perceptfreq,seefreq,fillerfreq,healthfreq,sexualfreq,socialfreq,familyfreq,friendfreq,humansfreq,affectfreq,posemofreq,negemofreq,anxfreq,angerfreq,assentfreq,nonflfreq,verbfreq,articlefreq,pastfreq,auxverbfreq,futurefreq,presentfreq,prepsfreq,adverbfreq,negatefreq,conjfreq,homefreq,leisurefreq,achievefreq,workfreq,religfreq,moneyfreq
Asthma,463,105784,0.004386296604401422,0.020645844362096346,0.0241151780987673,0.1813695833018226,0.0025523708689404825,0.006569991681161612,0.013017091431596461,0.03769946305679498,0.018291991227406792,0.05722982681690993,0.07394312939574983,0.03479732284655525,0.04730394010436361,0.15380397791726538,0.019114421840732056,0.03222604552673372,0.007902896468274976,0.0013707176888754443,0.5964228994933071,0.011996143084020267,0.11065000378129018,0.16349353399379868,0.0032330031006579446,0.08957876427437042,0.0073924222944868785,0.0065321787793995315,0.05284353021250851,0.003913635332375406,8.129773878847462E-4,0.06321371852075928,0.015739620358466308,0.0032330031006579446,0.009661196400211753,0.025835665128941997,0.004783332072903275,3.781290176208122E-5,0.042520608031460336,0.001332904787113363,0.05323111245556984,0.005029115934356803,0.0010682144747787945,0.003923088557815927,0.046661120774408225,0.022328518490508962,0.024049005520683658,0.0050480223852378435,0.006513272328518491,0.0015030628450427286,0.0017866596082583377,0.16394728881494366,0.0625236330636013,0.04580087725932088,0.1051198668985858,0.008186493231490585,0.09784088330938516,0.12985895787642743,0.05495159948574454,0.019946305679497844,0.07643878091204719,0.004603720789533389,0.009500491567722907,0.016892913862209785,0.01549383649701278,5.766467518717386E-4,0.003923088557815927
subreddit,count(1),sum(wordcount),ingestfreq,causefreq,insightfreq,cogmechfreq,sadfreq,inhibfreq,certainfreq,tentatfreq,discrepfreq,spacefreq,timefreq,exclfreq,inclfreq,relativfreq,motionfreq,quantfreq,numberfreq,swearfreq,functfreq,absolutistfreq,ppronfreq,pronounfreq,wefreq,ifreq,shehefreq,youfreq,ipronfreq,theyfreq,deathfreq,biofreq,bodyfreq,hearfreq,feelfreq,perceptfreq,seefreq,fillerfreq,healthfreq,sexualfreq,socialfreq,familyfreq,friendfreq,humansfreq,affectfreq,posemofreq,negemofreq,anxfreq,angerfreq,assentfreq,nonflfreq,verbfreq,articlefreq,pastfreq,auxverbfreq,futurefreq,presentfreq,prepsfreq,adverbfreq,negatefreq,conjfreq,homefreq,leisurefreq,achievefreq,workfreq,religfreq,moneyfreq
jobs,37399,9155541,0.0014140071023656603,0.01632093614129411,0.025847735267637378,0.17509615215529045,0.002562601161416895,0.004376256957398804,0.011693246745331598,0.03261391107308678,0.022540885350193943,0.0665163314762066,0.060052486248491486,0.03129045023117694,0.04635487952050021,0.14939248265067023,0.018033669446731765,0.031501469984133106,0.007565036298783436,0.0017316289665460511,0.596562234825883,0.008591846183638957,0.11177384274725,0.16177077902878706,0.003869132364761405,0.0844125977918727,0.007487815302230638,0.0073800117327856435,0.04999693628153705,0.008623739438226533,4.186535781992566E-4,0.009651969228252049,0.0032989858272711573,0.00479491053559806,0.0045371431355066836,0.0174517267739831,0.005603164247748986,5.66869833251798E-5,0.0034984278919181293,0.0020768843698040344,0.08198095557651919,0.0036605155282467745,0.0012001475390695099,0.0049102505247914895,0.041775030006419064,0.02730990992230825,0.013749815548857245,0.0028828443889880456,0.0035405881531195152,0.0012093223109371691,0.001580245230729675,0.15594174063553426,0.07039300026071643,0.036542897901937196,0.10159629015915062,0.012529133996560115,0.09327531819255684,0.13841628801618605,0.050285286254520625,0.017895829421767647,0.06812967141974462,0.0024576374023118895,0.006695726664322731,0.025741897720735454,0.07229774843452724,6.315301302238721E-4,0.013615470675080807
subreddit,count(1),sum(wordcount),ingestfreq,causefreq,insightfreq,cogmechfreq,sadfreq,inhibfreq,certainfreq,tentatfreq,discrepfreq,spacefreq,timefreq,exclfreq,inclfreq,relativfreq,motionfreq,quantfreq,numberfreq,swearfreq,functfreq,absolutistfreq,ppronfreq,pronounfreq,wefreq,ifreq,shehefreq,youfreq,ipronfreq,theyfreq,deathfreq,biofreq,bodyfreq,hearfreq,feelfreq,perceptfreq,seefreq,fillerfreq,healthfreq,sexualfreq,socialfreq,familyfreq,friendfreq,humansfreq,affectfreq,posemofreq,negemofreq,anxfreq,angerfreq,assentfreq,nonflfreq,verbfreq,articlefreq,pastfreq,auxverbfreq,futurefreq,presentfreq,prepsfreq,adverbfreq,negatefreq,conjfreq,homefreq,leisurefreq,achievefreq,workfreq,religfreq,moneyfreq
SuicideWatch,56182,20043351,0.002808861651926367,0.017998437486825433,0.030509568983749274,0.19632116406083994,0.011047104847886962,0.005235052761387055,0.0185522869903341,0.030225734209813518,0.021680755877597515,0.055194962159770586,0.0618669004000379,0.03682582817613681,0.049130557061042336,0.14022999447547468,0.018244703692511296,0.0316718496822213,0.006919501634232719,0.005201425649832705,0.6377070880014025,0.01709549466054853,0.14935835829048746,0.2087644426323722,0.0034876902569834756,0.11811672609036283,0.016023618006789385,0.005262593066398927,0.05940608434188475,0.006463290494688238,0.00639488875887071,0.02872299147981792,0.007213664022547926,0.004513865969817123,0.009313861738987657,0.01988888983683417,0.005380188173125342,5.07899103298645E-5,0.013868838598894965,0.005740507163697328,0.08701908178926768,0.009011417302426127,0.004758236284940577,0.009087552276064018,0.07037186546301565,0.02974083525254834,0.04004056008398995,0.006170325510938764,0.013789061519702968,0.0015195562857727733,0.0010710284921917497,0.18401254361109576,0.04800784060509642,0.0435970512116462,0.11347778123528346,0.01028385922094564,0.1162558097196422,0.12923667304933192,0.06162447586733376,0.031264133427589026,0.07284415664825707,0.005048656783987867,0.007597531969579338,0.01696981707300341,0.01763966514381752,0.0016099104386287503,0.005171440643832461
subreddit,count(1),sum(wordcount),ingestfreq,causefreq,insightfreq,cogmechfreq,sadfreq,inhibfreq,certainfreq,tentatfreq,discrepfreq,spacefreq,timefreq,exclfreq,inclfreq,relativfreq,motionfreq,quantfreq,numberfreq,swearfreq,functfreq,absolutistfreq,ppronfreq,pronounfreq,wefreq,ifreq,shehefreq,youfreq,ipronfreq,theyfreq,deathfreq,biofreq,bodyfreq,hearfreq,feelfreq,perceptfreq,seefreq,fillerfreq,healthfreq,sexualfreq,socialfreq,familyfreq,friendfreq,humansfreq,affectfreq,posemofreq,negemofreq,anxfreq,angerfreq,assentfreq,nonflfreq,verbfreq,articlefreq,pastfreq,auxverbfreq,futurefreq,presentfreq,prepsfreq,adverbfreq,negatefreq,conjfreq,homefreq,leisurefreq,achievefreq,workfreq,religfreq,moneyfreq
Anxiety,35705,10714211,0.0036585988459626193,0.018806704478752566,0.03195867619183531,0.19789053995669864,0.006744220363029998,0.005409917725159604,0.015609175514650589,0.034580614475484946,0.01898459905260406,0.05739788025455164,0.06717517510155438,0.03712704556593108,0.0511943436618898,0.14955314955062954,0.019992699415757258,0.031222364390621017,0.00666488647647503,0.0024459103894817827,0.6222122188932064,0.013679682059649563,0.13247788381244313,0.19364011031703596,0.0032740628311314756,0.1075073096843062,0.01100650341868384,0.005626732570415125,0.061162226504592826,0.0050608486243177405,0.0015693176100414674,0.031244484544872227,0.010115070535758537,0.004537804976960039,0.011488106777064593,0.022670171419995368,0.005107515616408899,3.53735800050979E-5,0.015530868301921625,0.002692685443659827,0.07171475342421388,0.005537971951457742,0.0031871688918577393,0.00692239493883404,0.07176058041044739,0.02538367034212785,0.045799172706231,0.020142127124433147,0.009166890590450383,0.0016573315571253918,0.0013282359288985441,0.17356938369050226,0.05130867779251314,0.043699531398065615,0.10752009644013917,0.008634606878658633,0.10794019270294378,0.13240947000203748,0.0624401554160171,0.022738958566337737,0.0779764370890213,0.00436215041872892,0.007586186234338674,0.016820650629337054,0.019259934305941893,0.0011766615385864624,0.003497504389263941
subreddit,count(1),sum(wordcount),ingestfreq,causefreq,insightfreq,cogmechfreq,sadfreq,inhibfreq,certainfreq,tentatfreq,discrepfreq,spacefreq,timefreq,exclfreq,inclfreq,relativfreq,motionfreq,quantfreq,numberfreq,swearfreq,functfreq,absolutistfreq,ppronfreq,pronounfreq,wefreq,ifreq,shehefreq,youfreq,ipronfreq,theyfreq,deathfreq,biofreq,bodyfreq,hearfreq,feelfreq,perceptfreq,seefreq,fillerfreq,healthfreq,sexualfreq,socialfreq,familyfreq,friendfreq,humansfreq,affectfreq,posemofreq,negemofreq,anxfreq,angerfreq,assentfreq,nonflfreq,verbfreq,articlefreq,pastfreq,auxverbfreq,futurefreq,presentfreq,prepsfreq,adverbfreq,negatefreq,conjfreq,homefreq,leisurefreq,achievefreq,workfreq,religfreq,moneyfreq
ADHD,18733,5528653,0.0036940281837185298,0.020507888630377055,0.03259166382842258,0.19572706046120095,0.005165453501965126,0.005704463636983547,0.015094816042895077,0.03483741880707652,0.0192356076606725,0.05599193872359144,0.06546495140859808,0.03561663211635818,0.049455988646782495,0.14286554066605373,0.0164079749624366,0.03302667033000624,0.007147491441405348,0.002470583702757254,0.608452366245449,0.012226848022474915,0.11903369591110168,0.17792525593485428,0.003100574407545563,0.09486017661083089,0.0077606606889598605,0.008400418691496825,0.05889156002375262,0.004909333249889259,6.068385916063099E-4,0.03003299357004319,0.006793517335958687,0.0049433379161253205,0.008025101231710508,0.01968635036418455,0.005166538757270532,3.454729388876459E-5,0.017991543328908507,0.00224647848219087,0.06729161696348097,0.004957265359211367,0.0014690739317515496,0.0064256157874259786,0.052465220732789704,0.02651152097988425,0.025168517539444057,0.006497966141119727,0.006056448107703631,0.0017693278995806032,0.0016159451497498576,0.1646907483613097,0.05926416434527542,0.040898750563654475,0.10289830090620626,0.008615299241967257,0.10273424647920569,0.1336535318819973,0.056948229523538556,0.021129559044490584,0.0744678676704796,0.003304783280846166,0.008820955122341736,0.02338580482443011,0.03220983483680383,0.0010646354546034993,0.0043473518775730725
subreddit,count(1),sum(wordcount),ingestfreq,causefreq,insightfreq,cogmechfreq,sadfreq,inhibfreq,certainfreq,tentatfreq,discrepfreq,spacefreq,timefreq,exclfreq,inclfreq,relativfreq,motionfreq,quantfreq,numberfreq,swearfreq,functfreq,absolutistfreq,ppronfreq,pronounfreq,wefreq,ifreq,shehefreq,youfreq,ipronfreq,theyfreq,deathfreq,biofreq,bodyfreq,hearfreq,feelfreq,perceptfreq,seefreq,fillerfreq,healthfreq,sexualfreq,socialfreq,familyfreq,friendfreq,humansfreq,affectfreq,posemofreq,negemofreq,anxfreq,angerfreq,assentfreq,nonflfreq,verbfreq,articlefreq,pastfreq,auxverbfreq,futurefreq,presentfreq,prepsfreq,adverbfreq,negatefreq,conjfreq,homefreq,leisurefreq,achievefreq,workfreq,religfreq,moneyfreq
asktrp,14454,4302731,0.003981424820654603,0.017473553424557565,0.025835684359538164,0.18958958856595962,0.003974917325763568,0.005383557559140927,0.014256759253599632,0.032682033805971136,0.0197697694789658,0.06093827385444268,0.06156647952195943,0.0335940127328434,0.05556075896912914,0.1486193303741275,0.02061713827799135,0.031599697959272845,0.006941870175012103,0.006906543774175053,0.6154421459301082,0.010483341858926342,0.1416632831566742,0.19476560352018288,0.006982077197017429,0.08408217943441038,0.037609601901675935,0.007871977123366531,0.05310232036350866,0.005113728931694777,5.803290979612716E-4,0.025993723521177597,0.008597097982653342,0.0061923462098839085,0.0067715132551860666,0.021847054812397057,0.007921712977176589,1.7709682524889424E-4,0.006189557283502036,0.009003351592279414,0.12549146112085557,0.005713580514329155,0.005116053037013004,0.016979216223370692,0.060146915993586396,0.03375832697884204,0.025695540808849077,0.003782481405414375,0.011471551440236444,0.0023640799297004623,0.0012057458390961461,0.16246146923895544,0.05508036639985163,0.042005414700570405,0.09938525090227579,0.009452136329229041,0.09861341552609261,0.13327860840010683,0.057154165575305546,0.02126045063007657,0.07419055478950462,0.0033085963310278983,0.011476664471936545,0.01716444741723338,0.015855278891476133,0.0011864557649548624,0.0054544427713468496
subreddit,count(1),sum(wordcount),ingestfreq,causefreq,insightfreq,cogmechfreq,sadfreq,inhibfreq,certainfreq,tentatfreq,discrepfreq,spacefreq,timefreq,exclfreq,inclfreq,relativfreq,motionfreq,quantfreq,numberfreq,swearfreq,functfreq,absolutistfreq,ppronfreq,pronounfreq,wefreq,ifreq,shehefreq,youfreq,ipronfreq,theyfreq,deathfreq,biofreq,bodyfreq,hearfreq,feelfreq,perceptfreq,seefreq,fillerfreq,healthfreq,sexualfreq,socialfreq,familyfreq,friendfreq,humansfreq,affectfreq,posemofreq,negemofreq,anxfreq,angerfreq,assentfreq,nonflfreq,verbfreq,articlefreq,pastfreq,auxverbfreq,futurefreq,presentfreq,prepsfreq,adverbfreq,negatefreq,conjfreq,homefreq,leisurefreq,achievefreq,workfreq,religfreq,moneyfreq
stopdrinking,33946,9692238,0.024196372396138022,0.016572230273338314,0.028122606976840644,0.1839347114670523,0.009070557285118257,0.006287918228999329,0.01586558233506028,0.028728762129035627,0.01831971109252579,0.0573303090576191,0.07623017511538614,0.03330046166839898,0.04976126256907847,0.15873351438542885,0.019959580026821463,0.03215831059864605,0.008939111895518867,0.006708770461476493,0.6107110659065532,0.013092951287411638,0.12358415053365383,0.17997277821696084,0.004171895077277302,0.09906721234043159,0.008707689596561702,0.0075423240741715174,0.05638862768330699,0.004090592905374383,0.0011703179389527991,0.044143261855517785,0.007212472496032392,0.004229570095162748,0.008825412665268846,0.01973073711149066,0.005318895388247791,4.993686700636117E-5,0.014471373897339294,0.0027565356938201477,0.06984816097169715,0.005875835900851795,0.003350309804608595,0.0066498573394503935,0.06437677242345885,0.033455431036670785,0.030310440168720577,0.006158020469575758,0.007748365238245285,0.002142539215401025,0.0012752472648731902,0.16536789542312105,0.05901691642322444,0.04871320741401521,0.1034758948346089,0.008858119249651113,0.09508185828701277,0.13360639720155448,0.056639446947134395,0.022432177171051722,0.07107336819421892,0.004792907479160128,0.025157863436700584,0.019563180351122207,0.01513747392501092,0.0018703626551473456,0.004581913898523747
subreddit,count(1),sum(wordcount),ingestfreq,causefreq,insightfreq,cogmechfreq,sadfreq,inhibfreq,certainfreq,tentatfreq,discrepfreq,spacefreq,timefreq,exclfreq,inclfreq,relativfreq,motionfreq,quantfreq,numberfreq,swearfreq,functfreq,absolutistfreq,ppronfreq,pronounfreq,wefreq,ifreq,shehefreq,youfreq,ipronfreq,theyfreq,deathfreq,biofreq,bodyfreq,hearfreq,feelfreq,perceptfreq,seefreq,fillerfreq,healthfreq,sexualfreq,socialfreq,familyfreq,friendfreq,humansfreq,affectfreq,posemofreq,negemofreq,anxfreq,angerfreq,assentfreq,nonflfreq,verbfreq,articlefreq,pastfreq,auxverbfreq,futurefreq,presentfreq,prepsfreq,adverbfreq,negatefreq,conjfreq,homefreq,leisurefreq,achievefreq,workfreq,religfreq,moneyfreq
tipofmytongue,67451,10411335,0.002632707525019606,0.011094062384891083,0.03602477492079546,0.1822849807445443,0.002239194109112808,0.0032936218073858926,0.012155501671975785,0.04342411419861142,0.01307411585545946,0.06813717933387024,0.04363907222272648,0.034384063138877,0.045631035789358426,0.1352063880376532,0.019254879417481042,0.03246346409946467,0.009778861212322916,0.0021257600490234923,0.5968782101430796,0.00807331624618745,0.08396243133085238,0.153402037298771,0.0018002494396732024,0.04517922053223722,0.020090603174328748,0.008151404214733269,0.06943960596791862,0.008740377674909126,0.0031782667640605166,0.01713449812151852,0.007978803870973319,0.010725617800214861,0.003801817922485445,0.029090121487782308,0.013636099501168678,4.860087587230648E-5,0.004170454605485272,0.003999294999152366,0.09881470531877036,0.008277132567533367,0.0018173461904741322,0.015686845154824044,0.04201939520724288,0.025621690205914996,0.016278219844044976,0.0019523913119691182,0.007681147518545892,0.001988313698483432,8.321699378609948E-4,0.14486173002789748,0.09719598879490478,0.04927677382391403,0.09398679420074371,0.0073496818611638185,0.07729950097657985,0.1254023619449379,0.04786763657110255,0.014736150551298177,0.0673968323946929,0.0044823262338595385,0.03335095835452418,0.012668212097680076,0.01459015582535765,0.002678811122685035,0.0034535436617878497
